insert into chefs (id, name, bio, photo_url) values
  ('10000000-0000-0000-0000-000000000001','Анна Морозова','Шеф итальянской и средиземноморской кухни',null),
  ('10000000-0000-0000-0000-000000000002','Игорь Волков','Гриль-мастер и шеф по современной русской кухне',null),
  ('10000000-0000-0000-0000-000000000003','Мэй Лин','Специалист по паназиатской кухне, вокам и димсамам',null),
  ('10000000-0000-0000-0000-000000000004','София Бернар','Кондитер, преподаватель французских десертов и шоколада',null),
  ('10000000-0000-0000-0000-000000000005','Давид Арутюнян','Шеф ближневосточной кухни, мезе и ферментации',null)
on conflict (id) do update set name = excluded.name, bio = excluded.bio, photo_url = excluded.photo_url;

insert into chef_specializations (chef_id, specialization) values
  ('10000000-0000-0000-0000-000000000001','Паста'),
  ('10000000-0000-0000-0000-000000000001','Соусы'),
  ('10000000-0000-0000-0000-000000000001','Ризотто'),
  ('10000000-0000-0000-0000-000000000002','Стейки'),
  ('10000000-0000-0000-0000-000000000002','Гриль'),
  ('10000000-0000-0000-0000-000000000002','Русская кухня'),
  ('10000000-0000-0000-0000-000000000003','Вок'),
  ('10000000-0000-0000-0000-000000000003','Димсамы'),
  ('10000000-0000-0000-0000-000000000003','Рамен'),
  ('10000000-0000-0000-0000-000000000004','Макароны'),
  ('10000000-0000-0000-0000-000000000004','Шоколад'),
  ('10000000-0000-0000-0000-000000000004','Тарты'),
  ('10000000-0000-0000-0000-000000000005','Мезе'),
  ('10000000-0000-0000-0000-000000000005','Ферментация'),
  ('10000000-0000-0000-0000-000000000005','Лепёшки')
on conflict do nothing;

insert into programs (id, title, description, difficulty, duration_minutes, price_cents) values
  ('20000000-0000-0000-0000-000000000001','Домашняя паста','Готовим тесто, равиоли и сезонный соус','BEGINNER',150,650000),
  ('20000000-0000-0000-0000-000000000002','Стейк и овощи на гриле','Разбираем прожарки, маринады и быстрые гарниры','INTERMEDIATE',180,920000),
  ('20000000-0000-0000-0000-000000000003','Паназиатский вок','Учимся работать с воком, соусами и лапшой','BEGINNER',135,580000),
  ('20000000-0000-0000-0000-000000000004','Французские макароны','Меренга, ганаши и стабильная сборка макарон','ADVANCED',210,780000),
  ('20000000-0000-0000-0000-000000000005','Ближневосточное мезе','Хумус, бабагануш, табуле и свежие лепёшки','BEGINNER',160,610000),
  ('20000000-0000-0000-0000-000000000006','Ризотто и морепродукты','Бульон, текстура риса и морские акценты','INTERMEDIATE',170,840000),
  ('20000000-0000-0000-0000-000000000007','Домашний рамен','Бульон, таре, лапша и топпинги за один класс','ADVANCED',240,990000)
on conflict (id) do update set title = excluded.title, description = excluded.description, difficulty = excluded.difficulty, duration_minutes = excluded.duration_minutes, price_cents = excluded.price_cents;

insert into program_menu_items (id, program_id, name, position) values
  ('21000000-0000-0000-0000-000000000001','20000000-0000-0000-0000-000000000001','Равиоли с рикоттой',1),
  ('21000000-0000-0000-0000-000000000002','20000000-0000-0000-0000-000000000001','Томатный соус',2),
  ('21000000-0000-0000-0000-000000000003','20000000-0000-0000-0000-000000000002','Стейк medium rare',1),
  ('21000000-0000-0000-0000-000000000004','20000000-0000-0000-0000-000000000002','Овощи с дымком',2),
  ('21000000-0000-0000-0000-000000000005','20000000-0000-0000-0000-000000000003','Лапша с курицей и овощами',1),
  ('21000000-0000-0000-0000-000000000006','20000000-0000-0000-0000-000000000003','Кисло-сладкий соус',2),
  ('21000000-0000-0000-0000-000000000007','20000000-0000-0000-0000-000000000004','Макароны с малиной',1),
  ('21000000-0000-0000-0000-000000000008','20000000-0000-0000-0000-000000000004','Фисташковый ганаш',2),
  ('21000000-0000-0000-0000-000000000009','20000000-0000-0000-0000-000000000005','Хумус и бабагануш',1),
  ('21000000-0000-0000-0000-000000000010','20000000-0000-0000-0000-000000000005','Пита на сковороде',2),
  ('21000000-0000-0000-0000-000000000011','20000000-0000-0000-0000-000000000006','Ризотто с креветками',1),
  ('21000000-0000-0000-0000-000000000012','20000000-0000-0000-0000-000000000007','Шою-рамен',1)
on conflict do nothing;

insert into slots (id, program_id, chef_id, starts_at, ends_at, capacity, booked_seats, status) values
  ('30000000-0000-0000-0000-000000000001','20000000-0000-0000-0000-000000000001','10000000-0000-0000-0000-000000000001', now() + interval '1 day', now() + interval '1 day 150 minutes', 12, 0, 'SCHEDULED'),
  ('30000000-0000-0000-0000-000000000002','20000000-0000-0000-0000-000000000002','10000000-0000-0000-0000-000000000002', now() + interval '2 days', now() + interval '2 days 180 minutes', 10, 0, 'SCHEDULED'),
  ('30000000-0000-0000-0000-000000000003','20000000-0000-0000-0000-000000000003','10000000-0000-0000-0000-000000000003', now() + interval '3 days', now() + interval '3 days 135 minutes', 14, 0, 'SCHEDULED'),
  ('30000000-0000-0000-0000-000000000004','20000000-0000-0000-0000-000000000004','10000000-0000-0000-0000-000000000004', now() + interval '4 days', now() + interval '4 days 210 minutes', 8, 0, 'SCHEDULED'),
  ('30000000-0000-0000-0000-000000000005','20000000-0000-0000-0000-000000000005','10000000-0000-0000-0000-000000000005', now() + interval '5 days', now() + interval '5 days 160 minutes', 12, 0, 'SCHEDULED'),
  ('30000000-0000-0000-0000-000000000006','20000000-0000-0000-0000-000000000006','10000000-0000-0000-0000-000000000001', now() + interval '6 days', now() + interval '6 days 170 minutes', 10, 0, 'SCHEDULED'),
  ('30000000-0000-0000-0000-000000000007','20000000-0000-0000-0000-000000000007','10000000-0000-0000-0000-000000000003', now() + interval '7 days', now() + interval '7 days 240 minutes', 9, 0, 'SCHEDULED')
on conflict (id) do update set starts_at = excluded.starts_at, ends_at = excluded.ends_at, capacity = excluded.capacity, status = excluded.status
where slots.booked_seats = 0;

insert into rental_items (id, name, description, price_cents, stock, active) values
  ('40000000-0000-0000-0000-000000000001','Фартук','Прокат фартука на занятие',30000,20,true),
  ('40000000-0000-0000-0000-000000000002','Набор ножей','Учебный набор ножей',50000,8,true)
on conflict do nothing;
insert into allergens (id, code, name) values
  ('50000000-0000-0000-0000-000000000001','nuts','Орехи'),
  ('50000000-0000-0000-0000-000000000002','lactose','Лактоза'),
  ('50000000-0000-0000-0000-000000000003','gluten','Глютен')
on conflict do nothing;

insert into clients (id, phone) values
  ('60000000-0000-0000-0000-000000000001','+79501234567'),
  ('60000000-0000-0000-0000-000000000002','+79000000001'),
  ('60000000-0000-0000-0000-000000000003','+79000000002'),
  ('60000000-0000-0000-0000-000000000004','+79000000003')
on conflict (id) do update set phone = excluded.phone;

insert into slots (id, program_id, chef_id, starts_at, ends_at, capacity, booked_seats, status) values
  ('30000000-0000-0000-0000-000000000101','20000000-0000-0000-0000-000000000001','10000000-0000-0000-0000-000000000001', now() - interval '10 days', now() - interval '10 days' + interval '150 minutes', 12, 3, 'SCHEDULED'),
  ('30000000-0000-0000-0000-000000000102','20000000-0000-0000-0000-000000000002','10000000-0000-0000-0000-000000000002', now() - interval '9 days', now() - interval '9 days' + interval '180 minutes', 10, 2, 'SCHEDULED'),
  ('30000000-0000-0000-0000-000000000103','20000000-0000-0000-0000-000000000003','10000000-0000-0000-0000-000000000003', now() - interval '8 days', now() - interval '8 days' + interval '135 minutes', 14, 2, 'SCHEDULED'),
  ('30000000-0000-0000-0000-000000000104','20000000-0000-0000-0000-000000000004','10000000-0000-0000-0000-000000000004', now() - interval '7 days', now() - interval '7 days' + interval '210 minutes', 8, 2, 'SCHEDULED'),
  ('30000000-0000-0000-0000-000000000105','20000000-0000-0000-0000-000000000005','10000000-0000-0000-0000-000000000005', now() - interval '6 days', now() - interval '6 days' + interval '160 minutes', 12, 2, 'SCHEDULED')
on conflict (id) do update set starts_at = excluded.starts_at, ends_at = excluded.ends_at, capacity = excluded.capacity, booked_seats = excluded.booked_seats, status = excluded.status;

insert into bookings (id, client_id, slot_id, status, payment_status, total_price_cents, attended, created_at) values
  ('70000000-0000-0000-0000-000000000001','60000000-0000-0000-0000-000000000001','30000000-0000-0000-0000-000000000101','COMPLETED','PAID',650000,true, now() - interval '11 days'),
  ('70000000-0000-0000-0000-000000000002','60000000-0000-0000-0000-000000000002','30000000-0000-0000-0000-000000000101','COMPLETED','PAID',650000,true, now() - interval '11 days'),
  ('70000000-0000-0000-0000-000000000003','60000000-0000-0000-0000-000000000003','30000000-0000-0000-0000-000000000102','COMPLETED','PAID',920000,true, now() - interval '10 days'),
  ('70000000-0000-0000-0000-000000000004','60000000-0000-0000-0000-000000000004','30000000-0000-0000-0000-000000000103','COMPLETED','PAID',580000,true, now() - interval '9 days'),
  ('70000000-0000-0000-0000-000000000005','60000000-0000-0000-0000-000000000002','30000000-0000-0000-0000-000000000104','COMPLETED','PAID',780000,true, now() - interval '8 days'),
  ('70000000-0000-0000-0000-000000000006','60000000-0000-0000-0000-000000000003','30000000-0000-0000-0000-000000000105','COMPLETED','PAID',610000,true, now() - interval '7 days')
on conflict (id) do update set status = excluded.status, payment_status = excluded.payment_status, total_price_cents = excluded.total_price_cents, attended = excluded.attended;

insert into ratings (id, booking_id, chef_id, client_id, stars, comment, created_at) values
  ('80000000-0000-0000-0000-000000000001','70000000-0000-0000-0000-000000000002','10000000-0000-0000-0000-000000000001','60000000-0000-0000-0000-000000000002',5,'Отличная подача и понятные техники', now() - interval '9 days'),
  ('80000000-0000-0000-0000-000000000002','70000000-0000-0000-0000-000000000003','10000000-0000-0000-0000-000000000002','60000000-0000-0000-0000-000000000003',4,'Много практики, хочется больше времени на гарниры', now() - interval '8 days'),
  ('80000000-0000-0000-0000-000000000003','70000000-0000-0000-0000-000000000004','10000000-0000-0000-0000-000000000003','60000000-0000-0000-0000-000000000004',5,'Очень яркие соусы и быстрый темп', now() - interval '7 days'),
  ('80000000-0000-0000-0000-000000000004','70000000-0000-0000-0000-000000000005','10000000-0000-0000-0000-000000000004','60000000-0000-0000-0000-000000000002',5,'Макароны получились с первого раза', now() - interval '6 days'),
  ('80000000-0000-0000-0000-000000000005','70000000-0000-0000-0000-000000000006','10000000-0000-0000-0000-000000000005','60000000-0000-0000-0000-000000000003',4,'Вкусно и атмосферно', now() - interval '5 days')
on conflict (id) do update set stars = excluded.stars, comment = excluded.comment;

update chefs set avg_rating = chef_ratings.avg_stars
from (
  select chef_id, round(avg(stars)::numeric, 2) as avg_stars
  from ratings
  group by chef_id
) chef_ratings
where chefs.id = chef_ratings.chef_id;
